year_month,location,groundwater_level
2016-01,ANDHRA PRADESH,5.518649518
2016-02,ANDHRA PRADESH,5.518649518
2016-03,ANDHRA PRADESH,5.518649518
2016-04,ANDHRA PRADESH,5.518649518
2016-05,ANDHRA PRADESH,8.8032
2016-06,ANDHRA PRADESH,8.8032
2016-07,ANDHRA PRADESH,8.8032
2016-08,ANDHRA PRADESH,6.29847512
2016-09,ANDHRA PRADESH,6.29847512
2016-10,ANDHRA PRADESH,6.29847512
2016-11,ANDHRA PRADESH,5.717311475
2016-12,ANDHRA PRADESH,5.717311475
2017-01,ANDHRA PRADESH,6.929185868
2017-02,ANDHRA PRADESH,6.929185868
2017-03,ANDHRA PRADESH,6.929185868
2017-04,ANDHRA PRADESH,6.929185868
2017-05,ANDHRA PRADESH,8.841768489
2017-06,ANDHRA PRADESH,8.841768489
2017-07,ANDHRA PRADESH,8.841768489
2017-08,ANDHRA PRADESH,8.654902256
2017-09,ANDHRA PRADESH,8.654902256
2017-10,ANDHRA PRADESH,8.654902256
2017-11,ANDHRA PRADESH,6.420995608
2017-12,ANDHRA PRADESH,6.420995608
2018-01,ANDHRA PRADESH,6.12086785
2018-02,ANDHRA PRADESH,7.247206946
2018-03,ANDHRA PRADESH,7.247206946
2018-04,ANDHRA PRADESH,7.8
2018-05,ANDHRA PRADESH,7.8
2018-06,ANDHRA PRADESH,9.398375185
2018-07,ANDHRA PRADESH,4.33875
2018-08,ANDHRA PRADESH,4.33875
2018-09,ANDHRA PRADESH,7.64327381
2018-10,ANDHRA PRADESH,7.64327381
2018-11,ANDHRA PRADESH,4.0875
2018-12,ANDHRA PRADESH,6.962653352
2019-01,ANDHRA PRADESH,4.863117409
2019-02,ANDHRA PRADESH,9.199768452
2019-03,ANDHRA PRADESH,0.65
2019-04,ANDHRA PRADESH,3.976666667
2019-05,ANDHRA PRADESH,3.976666667
2019-06,ANDHRA PRADESH,11.2585842
2019-07,ANDHRA PRADESH,3.753333333
2019-08,ANDHRA PRADESH,3.753333333
2019-09,ANDHRA PRADESH,9.833940741
2019-10,ANDHRA PRADESH,13.05
2019-11,ANDHRA PRADESH,5.7
2019-12,ANDHRA PRADESH,6.450240602
2020-01,ANDHRA PRADESH,6.450240602
2020-02,ANDHRA PRADESH,22.21875
2020-03,ANDHRA PRADESH,7.376739447
2020-04,ANDHRA PRADESH,7.376739447
2020-05,ANDHRA PRADESH,7.376739447
2020-06,ANDHRA PRADESH,7.376739447
2020-07,ANDHRA PRADESH,7.376739447
2020-08,ANDHRA PRADESH,7.376739447
2020-09,ANDHRA PRADESH,7.376739447
2020-10,ANDHRA PRADESH,7.162727273
2020-11,ANDHRA PRADESH,7.162727273
2020-12,ANDHRA PRADESH,7.162727273
2021-01,ANDHRA PRADESH,4.56590301
2021-02,ANDHRA PRADESH,4.56590301
2021-03,ANDHRA PRADESH,5.313589365
2021-04,ANDHRA PRADESH,5.313589365
2021-05,ANDHRA PRADESH,5.313589365
2021-06,ANDHRA PRADESH,5.313589365
2021-07,ANDHRA PRADESH,5.313589365
2021-08,ANDHRA PRADESH,5.313589365
2021-09,ANDHRA PRADESH,5.313589365
2021-10,ANDHRA PRADESH,6.180978916
2021-11,ANDHRA PRADESH,6.180978916
2021-12,ANDHRA PRADESH,1.5
2022-01,ANDHRA PRADESH,4.98065625
2022-02,ANDHRA PRADESH,4.98065625
2022-03,ANDHRA PRADESH,5.171092814
2022-04,ANDHRA PRADESH,2.6
2022-05,ANDHRA PRADESH,2.6
2022-06,ANDHRA PRADESH,3.2
2022-07,ANDHRA PRADESH,3.2
2016-01,TELANGANA,12.48510917
2016-02,TELANGANA,12.48510917
2016-03,TELANGANA,12.48510917
2016-04,TELANGANA,12.48510917
2016-05,TELANGANA,13.58145414
2016-06,TELANGANA,13.58145414
2016-07,TELANGANA,13.58145414
2016-08,TELANGANA,10.94948025
2016-09,TELANGANA,10.94948025
2016-10,TELANGANA,10.94948025
2016-11,TELANGANA,7.567373737
2016-12,TELANGANA,7.567373737
2017-01,TELANGANA,9.08476378
2017-02,TELANGANA,9.08476378
2017-03,TELANGANA,9.08476378
2017-04,TELANGANA,9.08476378
2017-05,TELANGANA,12.54655378
2017-06,TELANGANA,12.54655378
2017-07,TELANGANA,12.54655378
2017-08,TELANGANA,9.602406639
2017-09,TELANGANA,9.602406639
2017-10,TELANGANA,9.602406639
2017-11,TELANGANA,7.768709677
2017-12,TELANGANA,7.768709677
2018-01,TELANGANA,9.055167653
2018-02,TELANGANA,9.055167653
2018-03,TELANGANA,9.055167653
2018-04,TELANGANA,9.055167653
2018-05,TELANGANA,9.055167653
2018-06,TELANGANA,11.87824017
2018-07,TELANGANA,11.87824017
2018-08,TELANGANA,0.45
2018-09,TELANGANA,9.808951782
2018-10,TELANGANA,9.808951782
2018-11,TELANGANA,9.808951782
2018-12,TELANGANA,9.429186747
2019-01,TELANGANA,5.437291667
2019-02,TELANGANA,11.73131048
2019-03,TELANGANA,1.44
2019-04,TELANGANA,7.75
2019-05,TELANGANA,7.75
2019-06,TELANGANA,14.28764706
2019-07,TELANGANA,14.28764706
2019-08,TELANGANA,14.28764706
2019-09,TELANGANA,10.63666667
2019-10,TELANGANA,10.63666667
2019-11,TELANGANA,10.63666667
2019-12,TELANGANA,7.15402834
2020-01,TELANGANA,7.15402834
2020-02,TELANGANA,6.276075534
2020-03,TELANGANA,6.276075534
2020-04,TELANGANA,6.276075534
2020-05,TELANGANA,6.276075534
2020-06,TELANGANA,6.276075534
2020-07,TELANGANA,6.276075534
2020-08,TELANGANA,6.276075534
2020-09,TELANGANA,8.178658228
2020-10,TELANGANA,8.178658228
2020-11,TELANGANA,8.178658228
2020-12,TELANGANA,7.38465721
2021-01,TELANGANA,7.38465721
2021-02,TELANGANA,5.504535398
2021-03,TELANGANA,5.504535398
2021-04,TELANGANA,5.504535398
2021-05,TELANGANA,5.504535398
2021-06,TELANGANA,5.504535398
2021-07,TELANGANA,5.504535398
2021-08,TELANGANA,5.504535398
2021-09,TELANGANA,6.537291242
2021-10,TELANGANA,6.537291242
2021-11,TELANGANA,6.537291242
2021-12,TELANGANA,4.706286837
2022-01,TELANGANA,4.706286837
2022-02,TELANGANA,5.913987603
2022-03,TELANGANA,5.913987603
2022-04,TELANGANA,5.913987603
2022-05,TELANGANA,5.913987603
2022-06,TELANGANA,8.341071429
2022-07,TELANGANA,8.341071429
2016-01,TAMILNADU,24.66571429
2016-02,TAMILNADU,24.66571429
2016-03,TAMILNADU,24.66571429
2016-04,TAMILNADU,24.66571429
2016-05,TAMILNADU,6.697655311
2016-06,TAMILNADU,6.697655311
2016-07,TAMILNADU,6.697655311
2016-08,TAMILNADU,8.045667311
2016-09,TAMILNADU,8.045667311
2016-10,TAMILNADU,8.045667311
2016-11,TAMILNADU,8.436680412
2016-12,TAMILNADU,8.436680412
2017-01,TAMILNADU,8.861271347
2017-02,TAMILNADU,8.861271347
2017-03,TAMILNADU,8.861271347
2017-04,TAMILNADU,8.861271347
2017-05,TAMILNADU,10.28377778
2017-06,TAMILNADU,10.28377778
2017-07,TAMILNADU,10.28377778
2017-08,TAMILNADU,9.925965293
2017-09,TAMILNADU,9.925965293
2017-10,TAMILNADU,9.925965293
2017-11,TAMILNADU,7.625505155
2017-12,TAMILNADU,7.625505155
2018-01,TAMILNADU,7.250194932
2018-02,TAMILNADU,7.250194932
2018-03,TAMILNADU,7.250194932
2018-04,TAMILNADU,7.250194932
2018-05,TAMILNADU,8.721308793
2018-06,TAMILNADU,19.75
2018-07,TAMILNADU,5.394
2018-08,TAMILNADU,8.600387097
2018-09,TAMILNADU,8.600387097
2018-10,TAMILNADU,8.600387097
2018-11,TAMILNADU,7.162933071
2018-12,TAMILNADU,7.162933071
2019-01,TAMILNADU,7.7603
2019-02,TAMILNADU,7.7603
2019-03,TAMILNADU,0.9
2019-04,TAMILNADU,0.9
2019-05,TAMILNADU,9.863220199
2019-06,TAMILNADU,9.863220199
2019-07,TAMILNADU,9.863220199
2019-08,TAMILNADU,9.860302521
2019-09,TAMILNADU,9.860302521
2019-10,TAMILNADU,9.860302521
2019-11,TAMILNADU,6.139770867
2019-12,TAMILNADU,3.0
2020-01,TAMILNADU,6.276075534
2020-02,TAMILNADU,6.276075534
2020-03,TAMILNADU,6.276075534
2020-04,TAMILNADU,6.276075534
2020-05,TAMILNADU,6.276075534
2020-06,TAMILNADU,6.276075534
2020-07,TAMILNADU,6.276075534
2020-08,TAMILNADU,8.178658228
2020-09,TAMILNADU,8.178658228
2020-10,TAMILNADU,8.178658228
2020-11,TAMILNADU,7.38465721
2020-12,TAMILNADU,7.38465721
2021-01,TAMILNADU,5.504535398
2021-02,TAMILNADU,5.504535398
2021-03,TAMILNADU,5.504535398
2021-04,TAMILNADU,5.504535398
2021-05,TAMILNADU,5.504535398
2021-06,TAMILNADU,5.504535398
2021-07,TAMILNADU,5.504535398
2021-08,TAMILNADU,6.537291242
2021-09,TAMILNADU,6.537291242
2021-10,TAMILNADU,6.537291242
2021-11,TAMILNADU,4.706286837
2021-12,TAMILNADU,4.706286837
2022-01,TAMILNADU,3.265603113
2022-02,TAMILNADU,3.265603113
2022-03,TAMILNADU,3.265603113
2022-04,TAMILNADU,3.265603113
2022-05,TAMILNADU,5.478380952
2022-06,TAMILNADU,5.478380952
2022-07,TAMILNADU,3895.840449
2016-01,MADHYA PRADESH,9.979947566
2016-02,MADHYA PRADESH,9.979947566
2016-03,MADHYA PRADESH,9.979947566
2016-04,MADHYA PRADESH,9.979947566
2016-05,MADHYA PRADESH,11.60680529
2016-06,MADHYA PRADESH,11.60680529
2016-07,MADHYA PRADESH,11.60680529
2016-08,MADHYA PRADESH,4.332858209
2016-09,MADHYA PRADESH,4.332858209
2016-10,MADHYA PRADESH,4.332858209
2016-11,MADHYA PRADESH,6.232262883
2016-12,MADHYA PRADESH,6.232262883
2017-01,MADHYA PRADESH,8.729180207
2017-02,MADHYA PRADESH,8.729180207
2017-03,MADHYA PRADESH,8.729180207
2017-04,MADHYA PRADESH,8.729180207
2017-05,MADHYA PRADESH,11.17636624
2017-06,MADHYA PRADESH,11.17636624
2017-07,MADHYA PRADESH,11.17636624
2017-08,MADHYA PRADESH,6.559919942
2017-09,MADHYA PRADESH,6.559919942
2017-10,MADHYA PRADESH,6.559919942
2017-11,MADHYA PRADESH,7.688045812
2017-12,MADHYA PRADESH,7.688045812
2018-01,MADHYA PRADESH,9.654370268
2018-02,MADHYA PRADESH,9.654370268
2018-03,MADHYA PRADESH,9.654370268
2018-04,MADHYA PRADESH,9.654370268
2018-05,MADHYA PRADESH,9.654370268
2018-06,MADHYA PRADESH,11.47799127
2018-07,MADHYA PRADESH,11.47799127
2018-08,MADHYA PRADESH,11.47799127
2018-09,MADHYA PRADESH,3.4
2018-10,MADHYA PRADESH,3.4
2018-11,MADHYA PRADESH,5.234136947
2018-12,MADHYA PRADESH,5.234136947
2019-01,MADHYA PRADESH,5.234136947
2019-02,MADHYA PRADESH,5.234136947
2019-03,MADHYA PRADESH,8.104213162
2019-04,MADHYA PRADESH,8.104213162
2019-05,MADHYA PRADESH,1.02
2019-06,MADHYA PRADESH,1.02
2019-07,MADHYA PRADESH,9.157002841
2019-08,MADHYA PRADESH,9.157002841
2019-09,MADHYA PRADESH,9.157002841
2019-10,MADHYA PRADESH,9.157002841
2019-11,MADHYA PRADESH,9.157002841
2019-12,MADHYA PRADESH,11.24739223
2020-01,MADHYA PRADESH,11.24739223
2020-02,MADHYA PRADESH,9.274634146
2020-03,MADHYA PRADESH,9.274634146
2020-04,MADHYA PRADESH,6.3275
2020-05,MADHYA PRADESH,6.3275
2020-06,MADHYA PRADESH,4.498523145
2020-07,MADHYA PRADESH,4.498523145
2020-08,MADHYA PRADESH,4.498523145
2020-09,MADHYA PRADESH,4.498523145
2020-10,MADHYA PRADESH,4.871153305
2020-11,MADHYA PRADESH,4.871153305
2020-12,MADHYA PRADESH,4.871153305
2021-01,MADHYA PRADESH,4.871153305
2021-02,MADHYA PRADESH,4.871153305
2021-03,MADHYA PRADESH,4.871153305
2021-04,MADHYA PRADESH,4.871153305
2021-05,MADHYA PRADESH,4.871153305
2021-06,MADHYA PRADESH,4.871153305
2021-07,MADHYA PRADESH,4.871153305
2021-08,MADHYA PRADESH,4.871153305
2021-09,MADHYA PRADESH,4.871153305
2021-10,MADHYA PRADESH,4.871153305
2021-11,MADHYA PRADESH,4.871153305
2021-12,MADHYA PRADESH,4.871153305
2022-01,MADHYA PRADESH,4.871153305
2022-02,MADHYA PRADESH,4.871153305
2022-03,MADHYA PRADESH,4.871153305
2022-04,MADHYA PRADESH,4.871153305
2022-05,MADHYA PRADESH,4.871153305
2022-06,MADHYA PRADESH,4.871153305
2022-07,MADHYA PRADESH,4.871153305
2016-01,GUJARAT,16.89171271
2016-02,GUJARAT,16.89171271
2016-03,GUJARAT,16.89171271
2016-04,GUJARAT,16.89171271
2016-05,GUJARAT,16.53511194
2016-06,GUJARAT,16.53511194
2016-07,GUJARAT,16.53511194
2016-08,GUJARAT,12.71378897
2016-09,GUJARAT,12.71378897
2016-10,GUJARAT,12.71378897
2016-11,GUJARAT,12.84992509
2016-12,GUJARAT,12.84992509
2017-01,GUJARAT,14.81992754
2017-02,GUJARAT,14.81992754
2017-03,GUJARAT,14.81992754
2017-04,GUJARAT,14.81992754
2017-05,GUJARAT,17.32675264
2017-06,GUJARAT,17.32675264
2017-07,GUJARAT,17.32675264
2017-08,GUJARAT,12.56533619
2017-09,GUJARAT,12.56533619
2017-10,GUJARAT,12.56533619
2017-11,GUJARAT,12.55325215
2017-12,GUJARAT,12.55325215
2018-01,GUJARAT,13.45997323
2018-02,GUJARAT,13.45997323
2018-03,GUJARAT,13.45997323
2018-04,GUJARAT,13.45997323
2018-05,GUJARAT,17.08060606
2018-06,GUJARAT,17.08060606
2018-07,GUJARAT,17.08060606
2018-08,GUJARAT,11.07755043
2018-09,GUJARAT,11.07755043
2018-10,GUJARAT,11.07755043
2018-11,GUJARAT,11.07755043
2018-12,GUJARAT,11.07755043
2019-01,GUJARAT,14.8641745
2019-02,GUJARAT,14.8641745
2019-03,GUJARAT,14.8641745
2019-04,GUJARAT,14.8641745
2019-05,GUJARAT,17.00995769
2019-06,GUJARAT,17.00995769
2019-07,GUJARAT,17.00995769
2019-08,GUJARAT,11.40623377
2019-09,GUJARAT,11.40623377
2019-10,GUJARAT,11.40623377
2019-11,GUJARAT,10.80660804
2019-12,GUJARAT,10.80660804
2020-01,GUJARAT,12.04430233
2020-02,GUJARAT,12.04430233
2020-03,GUJARAT,12.04430233
2020-04,GUJARAT,12.04430233
2020-05,GUJARAT,12.04430233
2020-06,GUJARAT,12.04430233
2020-07,GUJARAT,12.04430233
2020-08,GUJARAT,8.175834522
2020-09,GUJARAT,8.175834522
2020-10,GUJARAT,8.175834522
2020-11,GUJARAT,10.41289291
2020-12,GUJARAT,10.41289291
2021-01,GUJARAT,11.30324183
2021-02,GUJARAT,11.30324183
2021-03,GUJARAT,11.30324183
2021-04,GUJARAT,11.30324183
2021-05,GUJARAT,11.30324183
2021-06,GUJARAT,11.30324183
2021-07,GUJARAT,11.30324183
2021-08,GUJARAT,12.21072238
2021-09,GUJARAT,12.21072238
2021-10,GUJARAT,12.21072238
2021-11,GUJARAT,11.37805442
2021-12,GUJARAT,11.37805442
2022-01,GUJARAT,12.09332394
2022-02,GUJARAT,12.09332394
2022-03,GUJARAT,12.09332394
2022-04,GUJARAT,12.09332394
2022-05,GUJARAT,15.15802198
2022-06,GUJARAT,15.15802198
2022-07,GUJARAT,15.15802198
2016-01,GOA,4.952333333
2016-02,GOA,4.952333333
2016-03,GOA,4.952333333
2016-04,GOA,4.952333333
2016-05,GOA,6.032461538
2016-06,GOA,6.032461538
2016-07,GOA,6.032461538
2016-08,GOA,3.279473684
2016-09,GOA,3.279473684
2016-10,GOA,3.279473684
2016-11,GOA,4.421791045
2016-12,GOA,4.421791045
2017-01,GOA,5.195
2017-02,GOA,5.195
2017-03,GOA,5.195
2017-04,GOA,5.195
2017-05,GOA,4.854444444
2017-06,GOA,4.854444444
2017-07,GOA,4.854444444
2017-08,GOA,2.804528302
2017-09,GOA,2.804528302
2017-10,GOA,2.804528302
2017-11,GOA,4.377846154
2017-12,GOA,4.377846154
2018-01,GOA,5.222028986
2018-02,GOA,5.222028986
2018-03,GOA,5.222028986
2018-04,GOA,5.222028986
2018-05,GOA,5.879558824
2018-06,GOA,5.879558824
2018-07,GOA,5.879558824
2018-08,GOA,3.202121212
2018-09,GOA,3.202121212
2018-10,GOA,3.202121212
2018-11,GOA,5.151785714
2018-12,GOA,5.151785714
2019-01,GOA,5.253970588
2019-02,GOA,5.253970588
2019-03,GOA,5.253970588
2019-04,GOA,5.253970588
2019-05,GOA,5.920615385
2019-06,GOA,5.920615385
2019-07,GOA,5.920615385
2019-08,GOA,3.540819672
2019-09,GOA,3.540819672
2019-10,GOA,3.540819672
2019-11,GOA,4.172537313
2019-12,GOA,4.172537313
2020-01,GOA,4.851971831
2020-02,GOA,4.851971831
2020-03,GOA,4.851971831
2020-04,GOA,4.851971831
2020-05,GOA,4.851971831
2020-06,GOA,4.851971831
2020-07,GOA,4.851971831
2020-08,GOA,4.851971831
2020-09,GOA,4.851971831
2020-10,GOA,4.851971831
2020-11,GOA,5.122615385
2020-12,GOA,5.122615385
2021-01,GOA,5.306393443
2021-02,GOA,5.306393443
2021-03,GOA,5.306393443
2021-04,GOA,5.306393443
2021-05,GOA,5.306393443
2021-06,GOA,5.306393443
2021-07,GOA,5.306393443
2021-08,GOA,4.126461538
2021-09,GOA,4.126461538
2021-10,GOA,4.126461538
2021-11,GOA,5.22328125
2021-12,GOA,5.22328125
2022-01,GOA,5.847910448
2022-02,GOA,5.847910448
2022-03,GOA,5.847910448
2022-04,GOA,5.847910448
2022-05,GOA,6.330535714
2022-06,GOA,6.330535714
2022-07,GOA,6.330535714
2016-01,KARNATAKA,6.178857143
2016-02,KARNATAKA,6.178857143
2016-03,KARNATAKA,6.178857143
2016-04,KARNATAKA,6.178857143
2016-05,KARNATAKA,8.219461124
2016-06,KARNATAKA,8.219461124
2016-07,KARNATAKA,8.219461124
2016-08,KARNATAKA,6.642611684
2016-09,KARNATAKA,6.642611684
2016-10,KARNATAKA,6.642611684
2016-11,KARNATAKA,6.903395818
2016-12,KARNATAKA,6.903395818
2017-01,KARNATAKA,8.417864338
2017-02,KARNATAKA,8.417864338
2017-03,KARNATAKA,8.417864338
2017-04,KARNATAKA,8.417864338
2017-05,KARNATAKA,8.545665428
2017-06,KARNATAKA,8.545665428
2017-07,KARNATAKA,8.545665428
2017-08,KARNATAKA,7.947452316
2017-09,KARNATAKA,7.947452316
2017-10,KARNATAKA,7.947452316
2017-11,KARNATAKA,6.11166442
2017-12,KARNATAKA,6.11166442
2018-01,KARNATAKA,7.194288618
2018-02,KARNATAKA,7.194288618
2018-03,KARNATAKA,7.194288618
2018-04,KARNATAKA,7.194288618
2018-05,KARNATAKA,8.252914923
2018-06,KARNATAKA,8.252914923
2018-07,KARNATAKA,8.252914923
2018-08,KARNATAKA,6.11986966
2018-09,KARNATAKA,6.11986966
2018-10,KARNATAKA,6.11986966
2018-11,KARNATAKA,6.891716418
2018-12,KARNATAKA,6.891716418
2019-01,KARNATAKA,7.515576471
2019-02,KARNATAKA,7.515576471
2019-03,KARNATAKA,7.515576471
2019-04,KARNATAKA,10.462
2019-05,KARNATAKA,9.83635476
2019-06,KARNATAKA,9.83635476
2019-07,KARNATAKA,9.83635476
2019-08,KARNATAKA,6.147041096
2019-09,KARNATAKA,6.147041096
2019-10,KARNATAKA,2.9
2019-11,KARNATAKA,5.064715026
2019-12,KARNATAKA,6.3
2020-01,KARNATAKA,7.360785653
2020-02,KARNATAKA,7.360785653
2020-03,KARNATAKA,7.360785653
2020-04,KARNATAKA,7.360785653
2020-05,KARNATAKA,7.360785653
2020-06,KARNATAKA,7.360785653
2020-07,KARNATAKA,7.360785653
2020-08,KARNATAKA,6.533878327
2020-09,KARNATAKA,6.533878327
2020-10,KARNATAKA,6.533878327
2020-11,KARNATAKA,4.914953405
2020-12,KARNATAKA,4.914953405
2021-01,KARNATAKA,5.906824947
2021-02,KARNATAKA,5.906824947
2021-03,KARNATAKA,5.906824947
2021-04,KARNATAKA,5.906824947
2021-05,KARNATAKA,5.906824947
2021-06,KARNATAKA,5.906824947
2021-07,KARNATAKA,5.906824947
2021-08,KARNATAKA,5.058681319
2021-09,KARNATAKA,5.058681319
2021-10,KARNATAKA,5.058681319
2021-11,KARNATAKA,4.245917331
2021-12,KARNATAKA,4.245917331
2022-01,KARNATAKA,5.513438874
2022-02,KARNATAKA,5.513438874
2022-03,KARNATAKA,5.513438874
2022-04,KARNATAKA,5.513438874
2022-05,KARNATAKA,5.743024283
2022-06,KARNATAKA,5.743024283
2022-07,KARNATAKA,5.743024283
2016-01,MAHARASHTRA,8.591548757
2016-02,MAHARASHTRA,8.591548757
2016-03,MAHARASHTRA,5.5
2016-04,MAHARASHTRA,5.5
2016-05,MAHARASHTRA,9.686396011
2016-06,MAHARASHTRA,9.686396011
2016-07,MAHARASHTRA,9.686396011
2016-08,MAHARASHTRA,4.892878255
2016-09,MAHARASHTRA,4.892878255
2016-10,MAHARASHTRA,1.4
2016-11,MAHARASHTRA,4.666551961
2016-12,MAHARASHTRA,4.666551961
2017-01,MAHARASHTRA,6.23518797
2017-02,MAHARASHTRA,6.23518797
2017-03,MAHARASHTRA,4.7
2017-04,MAHARASHTRA,4.7
2017-05,MAHARASHTRA,8.847760592
2017-06,MAHARASHTRA,8.847760592
2017-07,MAHARASHTRA,8.847760592
2017-08,MAHARASHTRA,5.311914894
2017-09,MAHARASHTRA,5.311914894
2017-10,MAHARASHTRA,0.3
2017-11,MAHARASHTRA,5.326888298
2017-12,MAHARASHTRA,5.326888298
2018-01,MAHARASHTRA,5.158333333
2018-02,MAHARASHTRA,9.654370268
2018-03,MAHARASHTRA,9.654370268
2018-04,MAHARASHTRA,9.654370268
2018-05,MAHARASHTRA,9.654370268
2018-06,MAHARASHTRA,11.47799127
2018-07,MAHARASHTRA,11.47799127
2018-08,MAHARASHTRA,3.4
2018-09,MAHARASHTRA,5.234136947
2018-10,MAHARASHTRA,5.234136947
2018-11,MAHARASHTRA,5.234136947
2018-12,MAHARASHTRA,8.104213162
2019-01,MAHARASHTRA,1.02
2019-02,MAHARASHTRA,9.157002841
2019-03,MAHARASHTRA,9.157002841
2019-04,MAHARASHTRA,9.157002841
2019-05,MAHARASHTRA,9.157002841
2019-06,MAHARASHTRA,11.24739223
2019-07,MAHARASHTRA,9.274634146
2019-08,MAHARASHTRA,6.3275
2019-09,MAHARASHTRA,4.498523145
2019-10,MAHARASHTRA,4.498523145
2019-11,MAHARASHTRA,4.498523145
2019-12,MAHARASHTRA,4.871153305
2020-01,MAHARASHTRA,4.871153305
2020-02,MAHARASHTRA,5.652295952
2020-03,MAHARASHTRA,5.652295952
2020-04,MAHARASHTRA,5.652295952
2020-05,MAHARASHTRA,5.652295952
2020-06,MAHARASHTRA,5.652295952
2020-07,MAHARASHTRA,5.652295952
2020-08,MAHARASHTRA,5.652295952
2020-09,MAHARASHTRA,3.191018519
2020-10,MAHARASHTRA,3.191018519
2020-11,MAHARASHTRA,3.191018519
2020-12,MAHARASHTRA,4.280480349
2021-01,MAHARASHTRA,4.280480349
2021-02,MAHARASHTRA,5.78350271
2021-03,MAHARASHTRA,5.78350271
2021-04,MAHARASHTRA,5.78350271
2021-05,MAHARASHTRA,5.78350271
2021-06,MAHARASHTRA,5.78350271
2021-07,MAHARASHTRA,5.78350271
2021-08,MAHARASHTRA,5.78350271
2021-09,MAHARASHTRA,3.585448461
2021-10,MAHARASHTRA,3.585448461
2021-11,MAHARASHTRA,2.092307692
2021-12,MAHARASHTRA,3.972938005
2022-01,MAHARASHTRA,3.972938005
2022-02,MAHARASHTRA,5.131199173
2022-03,MAHARASHTRA,3.669230769
2022-04,MAHARASHTRA,3.669230769
2022-05,MAHARASHTRA,5.269230769
2022-06,MAHARASHTRA,9.7
2022-07,MAHARASHTRA,7.639579025
2016-01,ODISHA,3.93005137
2016-02,ODISHA,3.93005137
2016-03,ODISHA,3.93005137
2016-04,ODISHA,5.350925427
2016-05,ODISHA,8.01
2016-06,ODISHA,8.01
2016-07,ODISHA,8.01
2016-08,ODISHA,2.38069128
2016-09,ODISHA,2.38069128
2016-10,ODISHA,2.38069128
2016-11,ODISHA,3.194458599
2016-12,ODISHA,3.194458599
2017-01,ODISHA,4.170115607
2017-02,ODISHA,4.170115607
2017-03,ODISHA,4.170115607
2017-04,ODISHA,5.453295455
2017-05,ODISHA,8.05
2017-06,ODISHA,8.05
2017-07,ODISHA,8.05
2017-08,ODISHA,2.329522654
2017-09,ODISHA,2.329522654
2017-10,ODISHA,2.329522654
2017-11,ODISHA,2.553192488
2017-12,ODISHA,2.553192488
2018-01,ODISHA,3.777152886
2018-02,ODISHA,3.777152886
2018-03,ODISHA,3.777152886
2018-04,ODISHA,4.963381066
2018-05,ODISHA,4.963381066
2018-06,ODISHA,5.81
2018-07,ODISHA,4.998235294
2018-08,ODISHA,1.593058252
2018-09,ODISHA,2.753571429
2018-10,ODISHA,2.661428571
2018-11,ODISHA,2.661428571
2018-12,ODISHA,4.205714286
2019-01,ODISHA,3.738162627
2019-02,ODISHA,4.05
2019-03,ODISHA,4.05
2019-04,ODISHA,4.643582788
2019-05,ODISHA,4.436
2019-06,ODISHA,0.68
2019-07,ODISHA,0.68
2019-08,ODISHA,1.597047087
2019-09,ODISHA,1.597047087
2019-10,ODISHA,1.597047087
2019-11,ODISHA,2.632592892
2019-12,ODISHA,2.632592892
2020-01,ODISHA,3.364844622
2020-02,ODISHA,3.364844622
2020-03,ODISHA,3.364844622
2020-04,ODISHA,3.364844622
2020-05,ODISHA,3.364844622
2020-06,ODISHA,3.364844622
2020-07,ODISHA,3.364844622
2020-08,ODISHA,1.929748062
2020-09,ODISHA,1.929748062
2020-10,ODISHA,1.929748062
2020-11,ODISHA,2.568739703
2020-12,ODISHA,2.568739703
2021-01,ODISHA,3.617268409
2021-02,ODISHA,3.617268409
2021-03,ODISHA,3.617268409
2021-04,ODISHA,3.617268409
2021-05,ODISHA,3.617268409
2021-06,ODISHA,3.617268409
2021-07,ODISHA,3.617268409
2021-08,ODISHA,2.585204248
2021-09,ODISHA,2.585204248
2021-10,ODISHA,2.585204248
2021-11,ODISHA,2.811105769
2021-12,ODISHA,2.811105769
2022-01,ODISHA,3.293908507
2022-02,ODISHA,3.293908507
2022-03,ODISHA,3.293908507
2022-04,ODISHA,4.593488372
2022-05,ODISHA,4.593488372
2022-06,ODISHA,4.593488372
2022-07,ODISHA,4.593488372
2016-01,KERALA,6.421257276
2016-02,KERALA,6.421257276
2016-03,KERALA,6.421257276
2016-04,KERALA,7.496216216
2016-05,KERALA,7.496216216
2016-06,KERALA,7.496216216
2016-07,KERALA,7.496216216
2016-08,KERALA,5.792161383
2016-09,KERALA,5.792161383
2016-10,KERALA,5.792161383
2016-11,KERALA,6.352103704
2016-12,KERALA,6.352103704
2017-01,KERALA,7.288196135
2017-02,KERALA,7.288196135
2017-03,KERALA,7.288196135
2017-04,KERALA,7.993674699
2017-05,KERALA,7.993674699
2017-06,KERALA,7.993674699
2017-07,KERALA,7.993674699
2017-08,KERALA,5.1891939
2017-09,KERALA,5.1891939
2017-10,KERALA,5.1891939
2017-11,KERALA,5.823722944
2017-12,KERALA,5.823722944
2018-01,KERALA,6.822482014
2018-02,KERALA,6.822482014
2018-03,KERALA,6.822482014
2018-04,KERALA,7.780920114
2018-05,KERALA,7.780920114
2018-06,KERALA,7.780920114
2018-07,KERALA,7.780920114
2018-08,KERALA,5.029043414
2018-09,KERALA,5.029043414
2018-10,KERALA,5.029043414
2018-11,KERALA,6.123688007
2018-12,KERALA,6.123688007
2019-01,KERALA,6.695664781
2019-02,KERALA,6.695664781
2019-03,KERALA,6.695664781
2019-04,KERALA,7.739734195
2019-05,KERALA,7.739734195
2019-06,KERALA,7.739734195
2019-07,KERALA,7.739734195
2019-08,KERALA,4.32380044
2019-09,KERALA,4.32380044
2019-10,KERALA,4.32380044
2019-11,KERALA,5.22587892
2019-12,KERALA,5.22587892
2020-01,KERALA,67.0
2020-02,KERALA,6.598669591
2020-03,KERALA,6.598669591
2020-04,KERALA,6.598669591
2020-05,KERALA,6.598669591
2020-06,KERALA,6.598669591
2020-07,KERALA,6.598669591
2020-08,KERALA,6.598669591
2020-09,KERALA,6.598669591
2020-10,KERALA,6.598669591
2020-11,KERALA,6.598669591
2020-12,KERALA,6.042432432
2021-01,KERALA,6.042432432
2021-02,KERALA,6.809250646
2021-03,KERALA,6.809250646
2021-04,KERALA,6.809250646
2021-05,KERALA,6.809250646
2021-06,KERALA,6.809250646
2021-07,KERALA,6.809250646
2021-08,KERALA,6.809250646
2021-09,KERALA,4.780269231
2021-10,KERALA,4.780269231
2021-11,KERALA,4.780269231
2021-12,KERALA,4.906939759
2022-01,KERALA,4.906939759
2022-02,KERALA,6.671980983
2022-03,KERALA,6.671980983
2022-04,KERALA,6.671980983
2022-05,KERALA,6.943764089
2022-06,KERALA,6.943764089
2022-07,KERALA,6.943764089
2016-01,CHHATTISGARH,7.389488636
2016-02,CHHATTISGARH,7.389488636
2016-03,CHHATTISGARH,7.389488636
2016-04,CHHATTISGARH,7.389488636
2016-05,CHHATTISGARH,8.856401099
2016-06,CHHATTISGARH,8.856401099
2016-07,CHHATTISGARH,8.856401099
2016-08,CHHATTISGARH,3.668714479
2016-09,CHHATTISGARH,3.668714479
2016-10,CHHATTISGARH,3.668714479
2016-11,CHHATTISGARH,4.47119015
2016-12,CHHATTISGARH,4.47119015
2017-01,CHHATTISGARH,6.294201788
2017-02,CHHATTISGARH,6.294201788
2017-03,CHHATTISGARH,6.294201788
2017-04,CHHATTISGARH,6.294201788
2017-05,CHHATTISGARH,8.300606061
2017-06,CHHATTISGARH,8.300606061
2017-07,CHHATTISGARH,8.300606061
2017-08,CHHATTISGARH,3.598967972
2017-09,CHHATTISGARH,3.598967972
2017-10,CHHATTISGARH,3.598967972
2017-11,CHHATTISGARH,4.781435294
2017-12,CHHATTISGARH,4.781435294
2018-01,CHHATTISGARH,6.512264601
2018-02,CHHATTISGARH,6.512264601
2018-03,CHHATTISGARH,6.512264601
2018-04,CHHATTISGARH,6.512264601
2018-05,CHHATTISGARH,7.761493506
2018-06,CHHATTISGARH,7.761493506
2018-07,CHHATTISGARH,5.848
2018-08,CHHATTISGARH,2.771523438
2018-09,CHHATTISGARH,2.771523438
2018-10,CHHATTISGARH,1.26
2018-11,CHHATTISGARH,5.210984375
2018-12,CHHATTISGARH,4.26
2019-01,CHHATTISGARH,5.901106667
2019-02,CHHATTISGARH,16.1
2019-03,CHHATTISGARH,3.526666667
2019-04,CHHATTISGARH,4.085
2019-05,CHHATTISGARH,8.070067751
2019-06,CHHATTISGARH,13.255
2019-07,CHHATTISGARH,1.57
2019-08,CHHATTISGARH,3.736824458
2019-09,CHHATTISGARH,3.472850679
2019-10,CHHATTISGARH,3.472850679
2019-11,CHHATTISGARH,4.152176759
2019-12,CHHATTISGARH,5.045636364
2020-01,CHHATTISGARH,9.0
2020-02,CHHATTISGARH,5.302225201
2020-03,CHHATTISGARH,5.302225201
2020-04,CHHATTISGARH,5.302225201
2020-05,CHHATTISGARH,5.302225201
2020-06,CHHATTISGARH,5.302225201
2020-07,CHHATTISGARH,5.302225201
2020-08,CHHATTISGARH,5.302225201
2020-09,CHHATTISGARH,2.798110014
2020-10,CHHATTISGARH,2.798110014
2020-11,CHHATTISGARH,2.798110014
2020-12,CHHATTISGARH,4.610893561
2021-01,CHHATTISGARH,4.610893561
2021-02,CHHATTISGARH,5.839454545
2021-03,CHHATTISGARH,5.839454545
2021-04,CHHATTISGARH,5.839454545
2021-05,CHHATTISGARH,5.839454545
2021-06,CHHATTISGARH,5.839454545
2021-07,CHHATTISGARH,5.839454545
2021-08,CHHATTISGARH,5.839454545
2021-09,CHHATTISGARH,4.012437223
2021-10,CHHATTISGARH,4.012437223
2021-11,CHHATTISGARH,4.012437223
2021-12,CHHATTISGARH,4.318679245
2022-01,CHHATTISGARH,4.318679245
2022-02,CHHATTISGARH,5.209028571
2022-03,CHHATTISGARH,5.209028571
2022-04,CHHATTISGARH,5.209028571
2022-05,CHHATTISGARH,5.209028571
2022-06,CHHATTISGARH,7.216432584
2022-07,CHHATTISGARH,7.216432584
2016-01,WEST BENGAL,8.149766355
2016-02,WEST BENGAL,8.149766355
2016-03,WEST BENGAL,8.149766355
2016-04,WEST BENGAL,7.121496437
2016-05,WEST BENGAL,7.121496437
2016-06,WEST BENGAL,7.121496437
2016-07,WEST BENGAL,7.121496437
2016-08,WEST BENGAL,3.156619718
2016-09,WEST BENGAL,3.156619718
2016-10,WEST BENGAL,3.156619718
2016-11,WEST BENGAL,4.461634349
2016-12,WEST BENGAL,4.461634349
2017-01,WEST BENGAL,5.796759657
2017-02,WEST BENGAL,5.796759657
2017-03,WEST BENGAL,5.796759657
2017-04,WEST BENGAL,6.535011086
2017-05,WEST BENGAL,6.535011086
2017-06,WEST BENGAL,6.535011086
2017-07,WEST BENGAL,6.535011086
2017-08,WEST BENGAL,4.448195489
2017-09,WEST BENGAL,4.448195489
2017-10,WEST BENGAL,4.448195489
2017-11,WEST BENGAL,4.404132075
2017-12,WEST BENGAL,4.404132075
2018-01,WEST BENGAL,2.34
2018-02,WEST BENGAL,6.037906542
2018-03,WEST BENGAL,6.037906542
2018-04,WEST BENGAL,6.037906542
2018-05,WEST BENGAL,6.739534884
2018-06,WEST BENGAL,6.739534884
2018-07,WEST BENGAL,6.739534884
2018-08,WEST BENGAL,6.739534884
2018-09,WEST BENGAL,4.473500967
2018-10,WEST BENGAL,4.473500967
2018-11,WEST BENGAL,4.473500967
2018-12,WEST BENGAL,5.631040892
2019-01,WEST BENGAL,5.631040892
2019-02,WEST BENGAL,6.582156489
2019-03,WEST BENGAL,6.582156489
2019-04,WEST BENGAL,6.582156489
2019-05,WEST BENGAL,7.053591682
2019-06,WEST BENGAL,5.03
2019-07,WEST BENGAL,5.03
2019-08,WEST BENGAL,5.03
2019-09,WEST BENGAL,5.482443609
2019-10,WEST BENGAL,5.482443609
2019-11,WEST BENGAL,5.482443609
2019-12,WEST BENGAL,5.167432675
2020-01,WEST BENGAL,5.167432675
2020-02,WEST BENGAL,6.169753954
2020-03,WEST BENGAL,6.169753954
2020-04,WEST BENGAL,6.169753954
2020-05,WEST BENGAL,6.169753954
2020-06,WEST BENGAL,6.169753954
2020-07,WEST BENGAL,6.169753954
2020-08,WEST BENGAL,6.169753954
2020-09,WEST BENGAL,3.914052419
2020-10,WEST BENGAL,3.914052419
2020-11,WEST BENGAL,3.914052419
2020-12,WEST BENGAL,4.703773585
2021-01,WEST BENGAL,4.703773585
2021-02,WEST BENGAL,6.449141324
2021-03,WEST BENGAL,6.449141324
2021-04,WEST BENGAL,6.449141324
2021-05,WEST BENGAL,6.449141324
2021-06,WEST BENGAL,6.449141324
2021-07,WEST BENGAL,6.449141324
2021-08,WEST BENGAL,6.449141324
2021-09,WEST BENGAL,4.243463687
2021-10,WEST BENGAL,4.243463687
2021-11,WEST BENGAL,4.243463687
2021-12,WEST BENGAL,4.395959781
2022-01,WEST BENGAL,4.395959781
2022-02,WEST BENGAL,5.454693141
2022-03,WEST BENGAL,5.454693141
2022-04,WEST BENGAL,5.454693141
2022-05,WEST BENGAL,7.038069217
2022-06,WEST BENGAL,7.038069217
2022-07,WEST BENGAL,7.038069217
